<?xml version="1.0" encoding="UTF-8"?>
<metadata xml:lang="es"><Esri><CreaDate>20260210</CreaDate><CreaTime>09284300</CreaTime><ArcGISFormat>1.0</ArcGISFormat><SyncOnce>TRUE</SyncOnce><DataProperties><lineage><Process ToolSource="c:\program files (x86)\arcgis\desktop10.7\ArcToolbox\Toolboxes\Data Management Tools.tbx\CalculateField" Date="20260210" Time="092843">CalculateField TG_MANZANA_CANCHIS COD_MZNA [Text] VB #</Process><Process ToolSource="c:\program files (x86)\arcgis\desktop10.7\ArcToolbox\Toolboxes\Data Management Tools.tbx\CalculateField" Date="20260210" Time="092922">CalculateField TG_MANZANA_CANCHIS COD_MZNA_S "[COD_SECTOR]+ [COD_MZNA]" VB #</Process></lineage></DataProperties></Esri></metadata>
